icmp_handler,icmp_host_dma,cycles
1745.252252,1298.973974,104.151000
