handler,host_dma,cycles
4435.981982,3972.706707,104.151000
