icmp_handler,icmp_host_dma,cycles
1288.918919,845.637638,104.151000
