handler,host_dma,cycles
3300.861862,2845.586587,104.151000
