handler,host_dma,cycles
1608.778779,1163.499499,104.151000
