icmp_handler,icmp_host_dma,cycles
2548.781782,2097.506507,104.151000
