icmp_handler,icmp_host_dma,cycles
3502.405405,3045.130130,104.151000
