handler,host_dma,cycles
3701.827828,3242.552553,104.151000
