icmp_handler,icmp_host_dma,cycles
2041.928929,1594.651652,104.151000
