handler,host_dma,cycles
2359.244244,1909.968969,104.151000
