handler,host_dma,cycles
2108.236236,1659.959960,104.151000
