handler,host_dma,cycles
4213.770771,3751.495495,104.151000
