icmp_handler,icmp_host_dma,cycles
2354.376376,1905.101101,104.151000
