handler,host_dma,cycles
1822.984985,1376.706707,104.151000
