icmp_handler,icmp_host_dma,cycles
4450.743744,3987.468468,104.151000
