handler,host_dma,cycles
1254.249249,810.967968,104.151000
