handler,host_dma,cycles
3493.531532,3036.256256,104.151000
