handler,host_dma,cycles
3069.737738,2615.462462,104.151000
