handler,host_dma,cycles
1042.740741,601.457457,104.151000
