handler,host_dma,cycles
4024.129129,3563.853854,104.151000
