handler,host_dma,cycles
2784.833834,2332.558559,104.151000
