icmp_handler,icmp_host_dma,cycles
3749.208208,3290.932933,104.151000
