icmp_handler,icmp_host_dma,cycles
1532.184184,1087.903904,104.151000
