icmp_handler,icmp_host_dma,cycles
3254.318318,2799.043043,104.151000
