icmp_handler,icmp_host_dma,cycles
2817.040040,2364.764765,104.151000
