handler,host_dma,cycles
2508.502503,2057.227227,104.151000
