icmp_handler,icmp_host_dma,cycles
3093.099099,2638.823824,104.151000
