icmp_handler,icmp_host_dma,cycles
3991.689690,3531.414414,104.151000
