icmp_handler,icmp_host_dma,cycles
4211.356356,3750.081081,104.151000
