handler,host_dma,cycles
1165.895896,704.639640,104.151000
