handler,host_dma,cycles
1151.151151,692.894895,104.151000
