handler,host_dma,cycles
1118.293293,671.033033,104.151000
