handler,host_dma,cycles
1154.698699,694.442442,104.151000
