handler,host_dma,cycles
1128.486486,676.230230,104.151000
