handler,host_dma,cycles
1124.142142,673.884885,104.151000
