handler,host_dma,cycles
1137.886887,684.630631,104.151000
