handler,host_dma,cycles
1167.737738,704.481481,104.151000
