handler,host_dma,cycles
1140.132132,684.875876,104.151000
