handler,host_dma,cycles
1102.193193,657.929930,104.151000
