handler,host_dma,cycles
1185.135135,720.878879,104.151000
