handler,host_dma,cycles
1104.637638,659.375375,104.151000
