handler,host_dma,cycles
1148.942943,692.686687,104.151000
