handler,host_dma,cycles
1181.434434,715.178178,104.151000
