handler,host_dma,cycles
1121.305305,672.047047,104.151000
